{
  "name": "pick-up-stix",
  "title": "Pick-Up-Stix",
  "description": "",
  "systems": ["dnd5e"],
  "version": "0.1.0",
  "author": "Kyle McKnight",
  "socket": true,
  "authors": [
    {
      "name": "Kyle McKnight",
      "email": "kamcknig@gmail.com",
      "url": "https://turkeysunite.com"
    }
  ],
  "scripts": [],
  "esmodules": ["pick-up-stix.js"],
  "styles": ["pick-up-stix.css"],
  "packs": [],
  "languages": [],
  "minimumCoreVersion": "0.6.0",
  "compatibleCoreVersion": "0.6.5",
  "url": "https://turkeysunite.com",
  "manifest": "https://raw.githubusercontent.com/kamcknig/pick-up-stix/master/src/module.json",
  "download": "https://turkeysunite-foundry-modules.s3.amazonaws.com/pick-up-stix/releases/pick-up-stix-v0.1.0.zip",
  "license": "",
  "readme": "",
  "bugs": "https://github.com/kamcknig/pick-up-stix/issues",
  "changelog": "https://github.com/kamcknig/pick-up-stix/releases"
}