{
	"name": "pick-up-stix",
	"title": "Pick-Up-Stix",
	"description": "Allows Items to be placed on the map as Tokens that players are able to pick up.",
	"version": "0.2.0",
	"author": "Kyle McKnight",
	"socket": true,
	"authors": [
		{
			"name": "Kyle McKnight",
			"email": "kamcknig@gmail.com",
			"url": "https://turkeysunite.com"
		}
	],
	"scripts": [],
	"esmodules": ["pick-up-stix.js"],
	"styles": ["pick-up-stix.css"],
	"packs": [],
	"languages": [],
	"minimumCoreVersion": "0.6.5",
	"compatibleCoreVersion": "0.7.0",
	"url": "git@github.com:kamcknig/pick-up-stix.git",
	"manifest": "https://raw.githubusercontent.com/kamcknig/pick-up-stix/master/src/module.json/master/src/module.json",
	"download": "https://raw.githubusercontent.com/kamcknig/pick-up-stix/master/src/module.json/v0.2.0/package/pick-up-stix-v0.2.0.zip",
	"license": "",
	"readme": "",
	"bugs": "https://github.com/kamcknig/pick-up-stix/issues",
	"changelog": "https://github.com/kamcknig/pick-up-stix/releases"
}